id,name,slug
63111,矢田 萌華,moeka_yada
63110,森平 麗心,urumi_morihira
63109,増田 三莉音,mirine_masuda
63107,瀬戸口 心月,mitsuki_setoguchi
63106,鈴木 佑捺,yuuna_suzuki
63105,川端 晃菜,hina_kawabata
63104,海邉 朱莉,akari_kaibe
63103,小津 玲奈,reina_ozu
63102,大越 ひなの,hinano_okoshi
63101,愛宕 心響,kokone_atago
63108,長嶋 凛桜,rio_nagashima
55401,岡本 姫奈,hina_okamoto
55400,川﨑 桜,sakura_kawasaki
55397,池田 瑛紗,teresa_ikeda
55396,五百城 茉央,mao_ioki
55395,中西 アルノ,aruno_nakanishi
55394,奥田 いろは,iroha_okuda
55393,冨里 奈央,nao_tomisato
55392,小川 彩,aya_ogawa
55391,菅原 咲月,satsuki_sugawara
55389,井上 和,nagi_inoue
55387,弓木 奈於,yumiki_nao
55386,松尾 美佑,matsuo_miyu
55385,林 瑠奈,hayashi_runa
55384,佐藤 璃果,sato_rika
55383,黒見 明香,kuromi_haruka
48014,清宮 レイ,seimiya_rei
48012,北川 悠理,kitagawa_yuri
48010,金川 紗耶,kanagawa_saya
48019,矢久保 美緒,yakubo_mio
48018,早川 聖来,hayakawa_seira
48009,掛橋 沙耶香,kakehashi_sayaka
48008,賀喜 遥香,kaki_haruka
48017,筒井 あやめ,tsutsui_ayame
48015,田村 真佑,tamura_mayu
48013,柴田 柚菜,shibata_yuna
48006,遠藤 さくら,endo_sakura
55390,一ノ瀬 美空,miku_ichinose